original_id,original_acronym,original_name,target_id,target_acronym
1,TMv,Tuberomammillary nucleus ventral part,1129,IB
2,SSp-m6b,Primary somatosensory area mouth layer 6b,315,Isocortex
4,IC,Inferior colliculus,313,MB
7,PSV,Principal sensory nucleus of the trigeminal,1065,HB
9,SSp-tr6a,Primary somatosensory area trunk layer 6a,315,Isocortex
10,SCig,Superior colliculus motor related intermediate gray layer,313,MB
12,IF,Interfascicular nucleus raphe,313,MB
15,PT,Parataenial nucleus,1129,IB
16,6b,Layer 6b isocortex,703,CTXsp
17,SCiw,Superior colliculus motor related intermediate white layer,313,MB
19,IG,Induseum griseum,1080,HIP
20,ENTl2,Entorhinal area lateral part layer 2,822,RHP
22,PTLp,Posterior parietal association areas,315,Isocortex
23,AAA,Anterior amygdalar area,623,CNU
26,SCdg,Superior colliculus motor related deep gray layer,313,MB
27,IGL,Intergeniculate leaflet of the lateral geniculate complex,1129,IB
28,ENTl6a,Entorhinal area lateral part layer 6a,822,RHP
30,PVa,Periventricular hypothalamic nucleus anterior part,1129,IB
31,ACA,Anterior cingulate area,315,Isocortex
33,VISp6a,Primary visual area layer 6a,315,Isocortex
35,III,Oculomotor nucleus,313,MB
36,GU1,Gustatory areas layer 1,315,Isocortex
38,PVH,Paraventricular hypothalamic nucleus,1129,IB
39,ACAd,Anterior cingulate area dorsal part,315,Isocortex
41,VISpm2/3,posteromedial visual area layer 2/3,315,Isocortex
42,SCdw,Superior colliculus motor related deep white layer,313,MB
44,ILA,Infralimbic area,315,Isocortex
45,SPVOrdm,Spinal nucleus of the trigeminal oral part rostral dorsomedial part,1065,HB
47,PVHam,Paraventricular hypothalamic nucleus magnocellular division anterior magnocellular part,1129,IB
48,ACAv,Anterior cingulate area ventral part,315,Isocortex
50,PRC,Precommissural nucleus,313,MB
51,ILM,Intralaminar nuclei of the dorsal thalamus,1129,IB
52,ENTl3,Entorhinal area lateral part layer 3,822,RHP
53,SPVOmdmd,Spinal nucleus of the trigeminal oral part middle dorsomedial part dorsal zone,1065,HB
55,PVHap,Paraventricular hypothalamic nucleus parvicellular division anterior parvicellular part,1129,IB
56,ACB,Nucleus accumbens,623,CNU
58,MT,Medial terminal nucleus of the accessory optic tract,313,MB
59,IMD,Intermediodorsal nucleus of the thalamus,1129,IB
60,ENTl6b,Entorhinal area lateral part layer 6b,822,RHP
61,SPVOmdmv,Spinal nucleus of the trigeminal oral part middle dorsomedial part ventral zone,1065,HB
63,PVHd,Paraventricular hypothalamic nucleus descending division,1129,IB
64,AD,Anterodorsal nucleus,1129,IB
66,LT,Lateral terminal nucleus of the accessory optic tract,313,MB
67,INC,Interstitial nucleus of Cajal,313,MB
68,FRP1,Frontal pole layer 1,315,Isocortex
69,SPVOvl,Spinal nucleus of the trigeminal oral part ventrolateral part,1065,HB
71,PVHm,Paraventricular hypothalamic nucleus magnocellular division,1129,IB
72,ADP,Anterodorsal preoptic nucleus,1129,IB
73,VS,ventricular systems,73,VS
74,VISl6a,Lateral visual area layer 6a,315,Isocortex
75,DT,Dorsal terminal nucleus of the accessory optic tract,313,MB
76,INV,Interstitial nucleus of the vestibular nerve,1065,HB
77,SPVOcdm,Spinal nucleus of the trigeminal oral part caudal dorsomedial part,1065,HB
79,PVHmm,Paraventricular hypothalamic nucleus magnocellular division medial magnocellular part,1129,IB
80,AHA,Anterior hypothalamic area,1129,IB
81,VL,lateral ventricle,73,VS
82,NLLd,Nucleus of the lateral lemniscus dorsal part,1065,HB
83,IO,Inferior olivary complex,1065,HB
84,PL6a,Prelimbic area layer 6a,315,Isocortex
87,PVHmpd,Paraventricular hypothalamic nucleus parvicellular division medial parvicellular part dorsal zone,1129,IB
88,AHN,Anterior hypothalamic nucleus,1129,IB
89,RC,rhinocele,73,VS
90,NLLh,Nucleus of the lateral lemniscus horizontal part,1065,HB
91,IP,Interposed nucleus,519,CBN
92,ENTl4,Entorhinal area lateral part layer 4,822,RHP
94,PVHp,Paraventricular hypothalamic nucleus parvicellular division,1129,IB
95,AI,Agranular insular area,315,Isocortex
96,DCO,Dorsal cochlear nucleus,1065,HB
97,TEa1,Temporal association areas layer 1,315,Isocortex
98,SEZ,subependymal zone,73,VS
99,NLLv,Nucleus of the lateral lemniscus ventral part,1065,HB
100,IPN,Interpeduncular nucleus,313,MB
101,VCO,Ventral cochlear nucleus,1065,HB
103,PVHpm,Paraventricular hypothalamic nucleus magnocellular division posterior magnocellular part,1129,IB
104,AId,Agranular insular area dorsal part,315,Isocortex
105,SOCm,Superior olivary complex medial part,1065,HB
106,ISN,Inferior salivatory nucleus,1065,HB
107,MO1,Somatomotor areas Layer 1,315,Isocortex
108,chpl,choroid plexus,73,VS
110,PVHpv,Paraventricular hypothalamic nucleus parvicellular division periventricular part,1129,IB
111,AIp,Agranular insular area posterior part,315,Isocortex
112,CNlam,Granular lamina of the cochlear nuclei,1065,HB
113,SSp-ll2/3,Primary somatosensory area lower limb layer 2/3,315,Isocortex
114,SOCl,Superior olivary complex lateral part,1065,HB
115,IV,Trochlear nucleus,313,MB
116,chfl,choroid fissure,73,VS
118,PVi,Periventricular hypothalamic nucleus intermediate part,1129,IB
119,AIv,Agranular insular area ventral part,315,Isocortex
120,AIp1,Agranular insular area posterior part layer 1,315,Isocortex
121,VISl6b,Lateral visual area layer 6b,315,Isocortex
122,POR,Superior olivary complex periolivary region,1065,HB
123,KF,Koelliker-Fuse subnucleus,1065,HB
124,IVF,interventricular foramen,73,VS
126,PVp,Periventricular hypothalamic nucleus posterior part,1129,IB
127,AM,Anteromedial nucleus,1129,IB
128,MRN,Midbrain reticular nucleus,313,MB
129,V3,third ventricle,73,VS
130,CSm,Superior central nucleus raphe medial part,1065,HB
131,LA,Lateral amygdalar nucleus,703,CTXsp
132,PL6b,Prelimbic area layer 6b,315,Isocortex
133,PVpo,Periventricular hypothalamic nucleus preoptic part,1129,IB
135,AMB,Nucleus ambiguus,1065,HB
136,IRN,Intermediate reticular nucleus,1065,HB
137,CSl,Superior central nucleus raphe lateral part,1065,HB
138,LAT,Lateral group of the dorsal thalamus,1129,IB
139,ENTl5,Entorhinal area lateral part layer 5,822,RHP
140,AQ,cerebral aqueduct,73,VS
141,PVR,Periventricular region,1129,IB
143,AMBv,Nucleus ambiguus ventral division,1065,HB
144,OT1-3,Olfactory tubercle layers 1-3,623,CNU
145,V4,fourth ventricle,73,VS
146,PRNr,Pontine reticular nucleus,1065,HB
147,LC,Locus ceruleus,1065,HB
148,GU4,Gustatory areas layer 4,315,Isocortex
149,PVT,Paraventricular nucleus of the thalamus,1129,IB
151,AOB,Accessory olfactory bulb,698,OLF
152,PIR1-3,Piriform area layers 1-3,698,OLF
153,V4r,lateral recess,73,VS
154,PHY,Perihypoglossal nuclei,1065,HB
155,LD,Lateral dorsal nucleus of thalamus,1129,IB
156,AUDd6a,Dorsal auditory area layer 6a,315,Isocortex
157,PVZ,Periventricular zone,1129,IB
159,AON,Anterior olfactory nucleus,698,OLF
160,AON1,Anterior olfactory nucleus layer 1,698,OLF
161,NIS,Nucleus intercalatus,1065,HB
162,LDT,Laterodorsal tegmental nucleus,1065,HB
163,AIp2/3,Agranular insular area posterior part layer 2/3,315,Isocortex
164,c,central canal spinal cord/medulla,73,VS
165,RAmb,Midbrain raphe nuclei,313,MB
167,AONd,Anterior olfactory nucleus dorsal part,698,OLF
168,AON2,Anterior olfactory nucleus layer 2,698,OLF
169,PRP,Nucleus prepositus,1065,HB
170,LGd,Dorsal part of the lateral geniculate complex,1129,IB
171,PL1,Prelimbic area layer 1,315,Isocortex
173,RCH,Retrochiasmatic area,1129,IB
175,AONe,Anterior olfactory nucleus external part,698,OLF
177,NR,Nucleus of Roller,1065,HB
178,LGv,Ventral part of the lateral geniculate complex,1129,IB
179,ACA6a,Anterior cingulate area layer 6a,315,Isocortex
180,GU2/3,Gustatory areas layer 2/3,315,Isocortex
181,RE,Nucleus of reuniens,1129,IB
183,AONl,Anterior olfactory nucleus lateral part,698,OLF
184,FRP,Frontal pole cerebral cortex,315,Isocortex
185,PPYd,Parapyramidal nucleus deep part,1065,HB
186,LH,Lateral habenula,1129,IB
187,GU5,Gustatory areas layer 5,315,Isocortex
188,AOBgl,Accessory olfactory bulb glomerular layer,698,OLF
189,RH,Rhomboid nucleus,1129,IB
191,AONm,Anterior olfactory nucleus medial part,698,OLF
192,COAa1,Cortical amygdalar area anterior part layer 1,698,OLF
193,PPYs,Parapyramidal nucleus superficial part,1065,HB
194,LHA,Lateral hypothalamic area,1129,IB
195,PL2,Prelimbic area layer 2,315,Isocortex
196,AOBgr,Accessory olfactory bulb granular layer,698,OLF
197,RL,Rostral linear nucleus raphe,313,MB
199,AONpv,Anterior olfactory nucleus posteroventral part,698,OLF
200,COAa2,Cortical amygdalar area anterior part layer 2,698,OLF
201,SSp-bfd2/3,Primary somatosensory area barrel field layer 2/3,315,Isocortex
202,MV,Medial vestibular nucleus,1065,HB
203,LIN,Linear nucleus of the medulla,1065,HB
204,AOBmi,Accessory olfactory bulb mitral layer,698,OLF
206,RM,Nucleus raphe magnus,1065,HB
207,AP,Area postrema,1065,HB
208,COAa3,Cortical amygdalar area anterior part layer 3,698,OLF
209,LAV,Lateral vestibular nucleus,1065,HB
210,LM,Lateral mammillary nucleus,1129,IB
211,ACAd2/3,Anterior cingulate area dorsal part layer 2/3,315,Isocortex
212,MOBgl,Main olfactory bulb glomerular layer,698,OLF
214,RN,Red nucleus,313,MB
215,APN,Anterior pretectal nucleus,313,MB
216,COApl1,Cortical amygdalar area posterior part lateral zone layer 1,698,OLF
217,SUV,Superior vestibular nucleus,1065,HB
218,LP,Lateral posterior nucleus of the thalamus,1129,IB
219,MO2/3,Somatomotor areas Layer 2/3,315,Isocortex
220,MOBgr,Main olfactory bulb granule layer,698,OLF
222,RO,Nucleus raphe obscurus,1065,HB
223,ARH,Arcuate hypothalamic nucleus,1129,IB
224,COApl2,Cortical amygdalar area posterior part lateral zone layer 2,698,OLF
225,SPIV,Spinal vestibular nucleus,1065,HB
226,LPO,Lateral preoptic area,1129,IB
227,ACA6b,Anterior cingulate area layer 6b,315,Isocortex
228,MOBipl,Main olfactory bulb inner plexiform layer,698,OLF
230,RPA,Nucleus raphe pallidus,1065,HB
231,AT,Anterior tegmental nucleus,313,MB
232,COApl3,Cortical amygdalar area posterior part lateral zone layer 3,698,OLF
233,VISal5,Anterolateral visual area layer 5,315,Isocortex
234,TEa4,Temporal association areas layer 4,315,Isocortex
235,LRN,Lateral reticular nucleus,1065,HB
236,MOBmi,Main olfactory bulb mitral layer,698,OLF
238,RPO,Nucleus raphe pontis,1065,HB
239,ATN,Anterior group of the dorsal thalamus,1129,IB
240,COApm1,Cortical amygdalar area posterior part medial zone layer 1,698,OLF
241,PTLp2/3,Posterior parietal association areas layer 2/3,315,Isocortex
242,LS,Lateral septal nucleus,623,CNU
243,AUDd6b,Dorsal auditory area layer 6b,315,Isocortex
244,MOBopl,Main olfactory bulb outer plexiform layer,698,OLF
246,RR,Midbrain reticular nucleus retrorubral area,313,MB
247,AUD,Auditory areas,315,Isocortex
248,COApm2,Cortical amygdalar area posterior part medial zone layer 2,698,OLF
249,AUDpo6a,Posterior auditory area layer 6a,315,Isocortex
250,LSc,Lateral septal nucleus caudal (caudodorsal) part,623,CNU
251,AUDp2/3,Primary auditory area layer 2/3,315,Isocortex
252,AUDd5,Dorsal auditory area layer 5,315,Isocortex
254,RSP,Retrosplenial area,315,Isocortex
255,AV,Anteroventral nucleus of thalamus,1129,IB
256,COApm3,Cortical amygdalar area posterior part medial zone layer 3,698,OLF
257,VISpm6a,posteromedial visual area layer 6a,315,Isocortex
258,LSr,Lateral septal nucleus rostral (rostroventral) part,623,CNU
259,ENTmv1,Entorhinal area medial part ventral zone layer 1,822,RHP
260,NLOT1,Nucleus of the lateral olfactory tract molecular layer,698,OLF
262,RT,Reticular nucleus of the thalamus,1129,IB
263,AVP,Anteroventral preoptic nucleus,1129,IB
264,ORB1,Orbital area layer 1,315,Isocortex
266,LSv,Lateral septal nucleus ventral part,623,CNU
267,DP6a,Dorsal peduncular area layer 6a,698,OLF
268,NLOT2,Nucleus of the lateral olfactory tract pyramidal layer,698,OLF
269,VISpl2/3,Posterolateral visual area layer 2/3,315,Isocortex
271,SAG,Nucleus sagulum,313,MB
272,AVPV,Anteroventral periventricular nucleus,1129,IB
274,RSPd6a,Retrosplenial area dorsal part layer 6a,315,Isocortex
275,LSX,Lateral septal complex,623,CNU
276,PIR1,Piriform area molecular layer,698,OLF
278,sAMY,Striatum-like amygdalar nuclei,623,CNU
279,RSPagl6b,Retrosplenial area lateral agranular part layer 6b,315,Isocortex
280,B,Barrington's nucleus,1065,HB
281,VISam1,Anteromedial visual area layer 1,315,Isocortex
283,LTN,Lateral tegmental nucleus,1065,HB
284,PIR2,Piriform area pyramidal layer,698,OLF
286,SCH,Suprachiasmatic nucleus,1129,IB
287,BAC,Bed nucleus of the anterior commissure,623,CNU
288,ORBvl2/3,Orbital area ventrolateral part layer 2/3,315,Isocortex
289,TEa5,Temporal association areas layer 5,315,Isocortex
290,LZ,Hypothalamic lateral zone,1129,IB
291,PIR3,Piriform area polymorph layer,698,OLF
292,BA,Bed nucleus of the accessory olfactory tract,623,CNU
294,SCm,Superior colliculus motor related,313,MB
295,BLA,Basolateral amygdalar nucleus,703,CTXsp
296,ACAv2/3,Anterior cingulate area ventral part layer 2/3,315,Isocortex
297,TTd1-4,Taenia tecta dorsal part layers 1-4,698,OLF
298,MA,Magnocellular nucleus,623,CNU
299,MO5,Somatomotor areas Layer 5,315,Isocortex
300,LGvl,Ventral part of the lateral geniculate complex lateral zone,1129,IB
302,SCs,Superior colliculus sensory related,313,MB
303,BLAa,Basolateral amygdalar nucleus anterior part,703,CTXsp
304,PL2/3,Prelimbic area layer 2/3,315,Isocortex
305,VISp6b,Primary visual area layer 6b,315,Isocortex
306,TTv1-3,Taenia tecta ventral part layers 1-3,698,OLF
307,MARN,Magnocellular reticular nucleus,1065,HB
308,PTLp6a,Posterior parietal association areas layer 6a,315,Isocortex
310,SF,Septofimbrial nucleus,623,CNU
311,BLAp,Basolateral amygdalar nucleus posterior part,703,CTXsp
312,ENTl4/5,Entorhinal area lateral part layer 4/5,822,RHP
313,MB,Midbrain,313,MB
314,AIp6a,Agranular insular area posterior part layer 6a,315,Isocortex
315,Isocortex,Isocortex,315,Isocortex
316,LGvm,Ventral part of the lateral geniculate complex medial zone,1129,IB
318,SG,Supragenual nucleus,1065,HB
319,BMA,Basomedial amygdalar nucleus,703,CTXsp
320,MOp1,Primary motor area Layer 1,315,Isocortex
321,SubG,Subgeniculate nucleus,1129,IB
322,SSp,Primary somatosensory area,315,Isocortex
323,MBmot,Midbrain motor related,313,MB
324,ENTmv2,Entorhinal area medial part ventral zone layer 2,822,RHP
325,SGN,Suprageniculate nucleus,1129,IB
327,BMAa,Basomedial amygdalar nucleus anterior part,703,CTXsp
328,AId2/3,Agranular insular area dorsal part layer 2/3,315,Isocortex
329,SSp-bfd,Primary somatosensory area barrel field,315,Isocortex
330,RSPd6b,Retrosplenial area dorsal part layer 6b,315,Isocortex
331,MBO,Mammillary body,1129,IB
332,ASO,Accessory supraoptic group,1129,IB
333,SH,Septohippocampal nucleus,623,CNU
334,BMAp,Basomedial amygdalar nucleus posterior part,703,CTXsp
335,PERI6a,Perirhinal area layer 6a,315,Isocortex
337,SSp-ll,Primary somatosensory area lower limb,315,Isocortex
338,SFO,Subfornical organ,1129,IB
339,MBsen,Midbrain sensory related,313,MB
340,PTLp6b,Posterior parietal association areas layer 6b,315,Isocortex
342,SI,Substantia innominata,623,CNU
344,AIp5,Agranular insular area posterior part layer 5,315,Isocortex
345,SSp-m,Primary somatosensory area mouth,315,Isocortex
346,SSp2/3,Primary somatosensory area layer 2/3,315,Isocortex
347,SBPV,Subparaventricular zone,1129,IB
348,MBsta,Midbrain behavioral state related,313,MB
350,SLC,Subceruleus nucleus,1065,HB
351,BST,Bed nuclei of the stria terminalis,623,CNU
352,ORB5,Orbital area layer 5,315,Isocortex
353,SSp-n,Primary somatosensory area nose,315,Isocortex
354,MY,Medulla,1065,HB
355,AIp6b,Agranular insular area posterior part layer 6b,315,Isocortex
356,PST,Preparasubthalamic nucleus,1129,IB
358,SLD,Sublaterodorsal nucleus,1065,HB
359,BSTa,Bed nuclei of the stria terminalis anterior division,623,CNU
360,DP2/3,Dorsal peduncular area layer 2/3,698,OLF
361,SSp-tr,Primary somatosensory area trunk,315,Isocortex
362,MD,Mediodorsal nucleus of thalamus,1129,IB
363,PL5,Prelimbic area layer 5,315,Isocortex
364,PSTN,Parasubthalamic nucleus,1129,IB
366,SMT,Submedial nucleus of the thalamus,1129,IB
367,BSTp,Bed nuclei of the stria terminalis posterior division,623,CNU
368,PERI6b,Perirhinal area layer 6b,315,Isocortex
369,SSp-ul,Primary somatosensory area upper limb,315,Isocortex
370,MY-mot,Medulla motor related,1065,HB
371,ENTmv3,Entorhinal area medial part ventral zone layer 3,822,RHP
372,ICB,Infracerebellar nucleus,1065,HB
374,SNc,Substantia nigra compact part,313,MB
375,CA,Ammon's horn,1080,HIP
376,COApl1-3,Cortical amygdalar area posterior part lateral zone layers 1-3,698,OLF
377,VISpl6a,Posterolateral visual area layer 6a,315,Isocortex
378,SSs,Supplemental somatosensory area,315,Isocortex
379,MY-sat,Medulla behavioral state related,1065,HB
381,SNr,Substantia nigra reticular part,313,MB
382,CA1,Field CA1,1080,HIP
383,COApm1-3,Cortical amygdalar area posterior part medial zone layers 1-3,698,OLF
385,VISp,Primary visual area,315,Isocortex
386,MY-sen,Medulla sensory related,1065,HB
387,ENTl5/6,Entorhinal area lateral part layer 5/6,822,RHP
390,SO,Supraoptic nucleus,1129,IB
391,CA1slm,Field CA1 stratum lacunosum-moleculare,1080,HIP
392,NLOT1-3,Nucleus of the lateral olfactory tract layers 1-3,698,OLF
393,VISpl6b,Posterolateral visual area layer 6b,315,Isocortex
394,VISam,Anteromedial visual area,315,Isocortex
395,MDRN,Medullary reticular nucleus,1065,HB
398,SOC,Superior olivary complex,1065,HB
399,CA1so,Field CA1 stratum oriens,1080,HIP
400,PAA1-3,Piriform-amygdalar area layers 1-3,698,OLF
401,VISam4,Anteromedial visual area layer 4,315,Isocortex
402,VISal,Anterolateral visual area,315,Isocortex
403,MEA,Medial amygdalar nucleus,623,CNU
406,SPF,Subparafascicular nucleus,1129,IB
407,CA1sp,Field CA1 pyramidal layer,1080,HIP
408,PAA1,Piriform-amygdalar area molecular layer,698,OLF
409,VISl,Lateral visual area,315,Isocortex
411,MEAad,Medial amygdalar nucleus anterodorsal part,623,CNU
412,ORBl2/3,Orbital area lateral part layer 2/3,315,Isocortex
414,SPFm,Subparafascicular nucleus magnocellular part,1129,IB
415,CA1sr,Field CA1 stratum radiatum,1080,HIP
416,PAA2,Piriform-amygdalar area pyramidal layer,698,OLF
417,VISrl,Rostrolateral visual area,315,Isocortex
418,MEAav,Medial amygdalar nucleus anteroventral part,623,CNU
419,ENTmv4,Entorhinal area medial part ventral zone layer 4,822,RHP
421,VISl1,Lateral visual area layer 1,315,Isocortex
422,SPFp,Subparafascicular nucleus parvicellular part,1129,IB
423,CA2,Field CA2,1080,HIP
424,PAA3,Piriform-amygdalar area polymorph layer,698,OLF
425,VISpl,Posterolateral visual area,315,Isocortex
426,MEApd,Medial amygdalar nucleus posterodorsal part,623,CNU
427,ECT2/3,Ectorhinal area/Layer 2/3,315,Isocortex
429,SPVC,Spinal nucleus of the trigeminal caudal part,1065,HB
430,RSPv2/3,Retrosplenial area ventral part layer 2/3,315,Isocortex
431,CA2slm,Field CA2 stratum lacunosum-moleculare,1080,HIP
432,NC,Nucleus circularis,1129,IB
433,VISam5,Anteromedial visual area layer 5,315,Isocortex
434,RSPd2/3,Retrosplenial area dorsal part layer 2/3,315,Isocortex
435,MEApv,Medial amygdalar nucleus posteroventral part,623,CNU
437,SPVI,Spinal nucleus of the trigeminal interpolar part,1065,HB
438,CA2so,Field CA2 stratum oriens,1080,HIP
439,PVHdp,Paraventricular hypothalamic nucleus descending division dorsal parvicellular part,1129,IB
440,ORBl6a,Orbital area lateral part layer 6a,315,Isocortex
441,VISam6b,Anteromedial visual area layer 6b,315,Isocortex
442,RSPd1,Retrosplenial area dorsal part layer 1,315,Isocortex
444,MED,Medial group of the dorsal thalamus,1129,IB
445,SPVO,Spinal nucleus of the trigeminal oral part,1065,HB
446,CA2sp,Field CA2 pyramidal layer,1080,HIP
447,PVHf,Paraventricular hypothalamic nucleus descending division forniceal part,1129,IB
448,ORBl1,Orbital area lateral part layer 1,315,Isocortex
450,SSp-ul1,Primary somatosensory area upper limb layer 1,315,Isocortex
451,BLAv,Basolateral amygdalar nucleus ventral part,703,CTXsp
452,MEPO,Median preoptic nucleus,1129,IB
453,SS,Somatosensory areas,315,Isocortex
454,CA2sr,Field CA2 stratum radiatum,1080,HIP
455,PVHlp,Paraventricular hypothalamic nucleus descending division lateral parvicellular part,1129,IB
456,AUDpo6b,Posterior auditory area layer 6b,315,Isocortex
457,VIS6a,Visual areas layer 6a,315,Isocortex
458,OT1,Olfactory tubercle molecular layer,623,CNU
460,MEV,Midbrain trigeminal nucleus,313,MB
461,SSp-tr6b,Primary somatosensory area trunk layer 6b,315,Isocortex
462,SSN,Superior salivatory nucleus,1065,HB
463,CA3,Field CA3,1080,HIP
464,PVHmpv,Paraventricular hypothalamic nucleus descending division medial parvicellular part ventral zone,1129,IB
465,OT2,Olfactory tubercle pyramidal layer,623,CNU
467,MEZ,Hypothalamic medial zone,1129,IB
468,ENTm2a,Entorhinal area medial part dorsal zone layer 2a,822,RHP
469,VISpm6b,posteromedial visual area layer 6b,315,Isocortex
470,STN,Subthalamic nucleus,1129,IB
471,CA3slm,Field CA3 stratum lacunosum-moleculare,1080,HIP
472,MEApd-a,Medial amygdalar nucleus posterodorsal part sublayer a,623,CNU
473,OT3,Olfactory tubercle polymorph layer,623,CNU
475,MG,Medial geniculate complex,1129,IB
476,ORB6a,Orbital area layer 6a,315,Isocortex
477,STR,Striatum,623,CNU
478,SSp-ll6a,Primary somatosensory area lower limb layer 6a,315,Isocortex
479,CA3slu,Field CA3 stratum lucidum,1080,HIP
480,MEApd-b,Medial amygdalar nucleus posterodorsal part sublayer b,623,CNU
481,isl,Islands of Calleja,623,CNU
483,MH,Medial habenula,1129,IB
484,ORBm1,Orbital area medial part layer 1,315,Isocortex
485,STRd,Striatum dorsal region,623,CNU
486,CA3so,Field CA3 stratum oriens,1080,HIP
487,MEApd-c,Medial amygdalar nucleus posterodorsal part sublayer c,623,CNU
488,ORBl6b,Orbital area lateral part layer 6b,315,Isocortex
489,islm,Major island of Calleja,623,CNU
491,MM,Medial mammillary nucleus,1129,IB
492,ORB2/3,Orbital area layer 2/3,315,Isocortex
493,STRv,Striatum ventral region,623,CNU
494,SCig-a,Superior colliculus motor related intermediate gray layer sublayer a,313,MB
495,CA3sp,Field CA3 pyramidal layer,1080,HIP
496,DP1,Dorsal peduncular area layer 1,698,OLF
497,VIS6b,Visual areas layer 6b,315,Isocortex
498,BSTam,Bed nuclei of the stria terminalis anterior division anteromedial area,623,CNU
500,MO,Somatomotor areas,315,Isocortex
501,VISpm4,posteromedial visual area layer 4,315,Isocortex
502,SUB,Subiculum,822,RHP
503,SCig-b,Superior colliculus motor related intermediate gray layer sublayer b,313,MB
504,CA3sr,Field CA3 stratum radiatum,1080,HIP
505,BSTdm,Bed nuclei of the stria terminalis anterior division dorsomedial nucleus,623,CNU
507,MOB,Main olfactory bulb,698,OLF
508,ENTm2b,Entorhinal area medial part dorsal zone layer 2b,822,RHP
509,SUBd,Subiculum dorsal part,822,RHP
510,SSp-ll6b,Primary somatosensory area lower limb layer 6b,315,Isocortex
511,SCig-c,Superior colliculus motor related intermediate gray layer sublayer c,313,MB
513,BSTfu,Bed nuclei of the stria terminalis anterior division fusiform nucleus,623,CNU
515,MPN,Medial preoptic nucleus,1129,IB
516,ORB6b,Orbital area layer 6b,315,Isocortex
517,TR1-3,Postpiriform transition area layers 1-3,698,OLF
518,SUBv,Subiculum ventral part,822,RHP
519,CBN,Cerebellar nuclei,519,CBN
520,AUDv6a,Ventral auditory area layer 6a,315,Isocortex
521,BSTmg,Bed nuclei of the stria terminalis anterior division magnocellular nucleus,623,CNU
523,MPO,Medial preoptic area,1129,IB
524,ORBm2,Orbital area medial part layer 2,315,Isocortex
525,SUM,Supramammillary nucleus,1129,IB
526,ENTm1,Entorhinal area medial part dorsal zone layer 1,822,RHP
527,AUDd1,Dorsal auditory area layer 1,315,Isocortex
528,CBX,Cerebellar cortex,528,CBX
529,BSTv,Bed nuclei of the stria terminalis anterior division ventral nucleus,623,CNU
531,MPT,Medial pretectal area,313,MB
532,PTLp1,Posterior parietal association areas layer 1,315,Isocortex
533,VISpm,posteromedial visual area,315,Isocortex
534,SUT,Supratrigeminal nucleus,1065,HB
535,DP2,Dorsal peduncular area layer 2,698,OLF
536,CEA,Central amygdalar nucleus,623,CNU
537,BSTal,Bed nuclei of the stria terminalis anterior division anterolateral area,623,CNU
539,MRNm,Midbrain reticular nucleus magnocellular part,313,MB
540,PERI1,Perirhinal area layer 1,315,Isocortex
541,TEa,Temporal association areas,315,Isocortex
542,RSPv1,Retrosplenial area ventral part layer 1,315,Isocortex
543,ENTm2,Entorhinal area medial part dorsal zone layer 2,822,RHP
544,CEAc,Central amygdalar nucleus capsular part,623,CNU
545,RSPd4,Retrosplenial area dorsal part layer 4,315,Isocortex
546,BSTju,Bed nuclei of the stria terminalis anterior division juxtacapsular nucleus,623,CNU
548,MRNmg,Midbrain reticular nucleus magnocellular part general,313,MB
549,TH,Thalamus,1129,IB
550,ENTm5/6,Entorhinal area medial part dorsal zone layer 5/6,822,RHP
551,CEAl,Central amygdalar nucleus lateral part,623,CNU
552,PRNv,Pontine reticular nucleus ventral part,1065,HB
554,BSTov,Bed nuclei of the stria terminalis anterior division oval nucleus,623,CNU
555,MRNp,Midbrain reticular nucleus parvicellular part,313,MB
556,ILA2/3,Infralimbic area layer 2/3,315,Isocortex
557,TM,Tuberomammillary nucleus,1129,IB
558,SSp-n1,Primary somatosensory area nose layer 1,315,Isocortex
559,CEAm,Central amygdalar nucleus medial part,623,CNU
560,CNspg,Cochlear nucleus subpedunclular granular region,1065,HB
561,VIS2/3,Visual areas layer 2/3,315,Isocortex
562,BSTrh,Bed nuclei of the stria terminalis anterior division rhomboid nucleus,623,CNU
564,MS,Medial septal nucleus,623,CNU
565,VISpm5,posteromedial visual area layer 5,315,Isocortex
566,TR,Postpiriform transition area,698,OLF
568,ACVI,Accessory abducens nucleus,1065,HB
569,BSTd,Bed nuclei of the stria terminalis posterior division dorsal nucleus,623,CNU
571,MTN,Midline group of the dorsal thalamus,1129,IB
572,ACA1,Anterior cingulate area layer 1,315,Isocortex
573,VISl4,Lateral visual area layer 4,315,Isocortex
574,TRN,Tegmental reticular nucleus,1065,HB
575,CL,Central lateral nucleus of the thalamus,1129,IB
576,ACVII,Accessory facial motor nucleus,1065,HB
577,SSp-ul4,Primary somatosensory area upper limb layer 4,315,Isocortex
578,BSTpr,Bed nuclei of the stria terminalis posterior division principal nucleus,623,CNU
580,NB,Nucleus of the brachium of the inferior colliculus,313,MB
581,TRS,Triangular nucleus of septum,623,CNU
582,ORBm2/3,Orbital area medial part layer 2/3,315,Isocortex
583,CLA,Claustrum,703,CTXsp
584,COApl1-2,Cortical amygdalar area posterior part lateral zone layers 1-2,698,OLF
585,BSTif,Bed nuclei of the stria terminalis posterior division interfascicular nucleus,623,CNU
587,ND,Nucleus of Darkschewitsch,313,MB
588,ACAv1,Anterior cingulate area ventral part layer 1,315,Isocortex
589,TT,Taenia tecta,698,OLF
590,RSPv6a,Retrosplenial area ventral part layer 6a,315,Isocortex
591,CLI,Central linear nucleus raphe,313,MB
592,COApm1-2,Cortical amygdalar area posterior part medial zone layers 1-2,698,OLF
593,VISp1,Primary visual area layer 1,315,Isocortex
594,BSTtr,Bed nuclei of the stria terminalis posterior division transverse nucleus,623,CNU
596,NDB,Diagonal band nucleus,623,CNU
597,TTd,Taenia tecta dorsal part,698,OLF
598,AUDv6b,Ventral auditory area layer 6b,315,Isocortex
599,CM,Central medial nucleus of the thalamus,1129,IB
600,AUDd2/3,Dorsal auditory area layer 2/3,315,Isocortex
601,VISal6a,Anterolateral visual area layer 6a,315,Isocortex
602,BSTse,Bed nuclei of the stria terminalis posterior division strial extension,623,CNU
604,NI,Nucleus incertus,1065,HB
605,TTv,Taenia tecta ventral part,698,OLF
606,RSPv2,Retrosplenial area ventral part layer 2,315,Isocortex
607,CN,Cochlear nuclei,1065,HB
608,ORBvl6a,Orbital area ventrolateral part layer 6a,315,Isocortex
609,SPA,Subparafascicular area,1129,IB
610,RSPd5,Retrosplenial area dorsal part layer 5,315,Isocortex
612,NLL,Nucleus of the lateral lemniscus,1065,HB
613,VISl5,Lateral visual area layer 5,315,Isocortex
614,TU,Tuberal nucleus,1129,IB
615,SNl,Substantia nigra lateral part,313,MB
616,CUN,Cuneiform nucleus,313,MB
617,MDc,Mediodorsal nucleus of the thalamus central part,1129,IB
619,NLOT,Nucleus of the lateral olfactory tract,698,OLF
620,ORBm5,Orbital area medial part layer 5,315,Isocortex
621,V,Motor nucleus of trigeminal,1065,HB
622,RSPv6b,Retrosplenial area ventral part layer 6b,315,Isocortex
623,CNU,Cerebral nuclei,623,CNU
625,SSp-ul5,Primary somatosensory area upper limb layer 5,315,Isocortex
626,MDl,Mediodorsal nucleus of the thalamus lateral part,1129,IB
628,NOT,Nucleus of the optic tract,313,MB
629,VAL,Ventral anterior-lateral complex of the thalamus,1129,IB
630,ORBl5,Orbital area lateral part layer 5,315,Isocortex
631,COA,Cortical amygdalar area,698,OLF
632,DG-sg,Dentate gyrus granule cell layer,1080,HIP
634,NPC,Nucleus of the posterior commissure,313,MB
635,PTLp4,Posterior parietal association areas layer 4,315,Isocortex
636,MDm,Mediodorsal nucleus of the thalamus medial part,1129,IB
637,VENT,Ventral group of the dorsal thalamus,1129,IB
638,GU6a,Gustatory areas layer 6a,315,Isocortex
639,COAa,Cortical amygdalar area anterior part,698,OLF
640,EV,Efferent vestibular nucleus,1065,HB
642,NTB,Nucleus of the trapezoid body,1065,HB
643,AUDpo2/3,Posterior auditory area layer 2/3,315,Isocortex
644,MO6a,Somatomotor areas Layer 6a,315,Isocortex
645,VERM,Vermal regions,528,CBX
646,DP5,Dorsal peduncular area layer 5,698,OLF
647,COAp,Cortical amygdalar area posterior part,698,OLF
648,MOp5,Primary motor area Layer 5,315,Isocortex
649,VISal6b,Anterolateral visual area layer 6b,315,Isocortex
651,NTS,Nucleus of the solitary tract,1065,HB
652,PVHpml,Paraventricular hypothalamic nucleus magnocellular division posterior magnocellular part lateral zone,1129,IB
653,VI,Abducens nucleus,1065,HB
654,SSp-n4,Primary somatosensory area nose layer 4,315,Isocortex
655,COApl,Cortical amygdalar area posterior part lateral zone,698,OLF
656,MOs1,Secondary motor area layer 1,315,Isocortex
657,SSp-m2/3,Primary somatosensory area mouth layer 2/3,315,Isocortex
659,NTSce,Nucleus of the solitary tract central part,1065,HB
660,PVHpmm,Paraventricular hypothalamic nucleus magnocellular division posterior magnocellular part medial zone,1129,IB
661,VII,Facial motor nucleus,1065,HB
662,GU6b,Gustatory areas layer 6b,315,Isocortex
663,COApm,Cortical amygdalar area posterior part medial zone,698,OLF
664,ENTm3,Entorhinal area medial part dorsal zone layer 3,822,RHP
666,NTSco,Nucleus of the solitary tract commissural part,1065,HB
667,FRP2/3,Frontal pole layer 2/3,315,Isocortex
668,DMHa,Dorsomedial nucleus of the hypothalamus anterior part,1129,IB
669,VIS,Visual areas,315,Isocortex
670,SSp-tr2/3,Primary somatosensory area trunk layer 2/3,315,Isocortex
671,RSPagl1,Retrosplenial area lateral agranular part layer 1,315,Isocortex
672,CP,Caudoputamen,623,CNU
674,NTSge,Nucleus of the solitary tract gelatinous part,1065,HB
675,AIv6a,Agranular insular area ventral part layer 6a,315,Isocortex
676,DMHp,Dorsomedial nucleus of the hypothalamus posterior part,1129,IB
677,VISC,Visceral area,315,Isocortex
678,AUDd4,Dorsal auditory area layer 4,315,Isocortex
679,CS,Superior central nucleus raphe,1065,HB
680,ORBvl6b,Orbital area ventrolateral part layer 6b,315,Isocortex
682,NTSl,Nucleus of the solitary tract lateral part,1065,HB
683,PTLp5,Posterior parietal association areas layer 5,315,Isocortex
684,DMHv,Dorsomedial nucleus of the hypothalamus ventral part,1129,IB
685,VM,Ventral medial nucleus of the thalamus,1129,IB
686,SSp6a,Primary somatosensory area layer 6a,315,Isocortex
687,RSPv5,Retrosplenial area ventral part layer 5,315,Isocortex
689,VLPO,Ventrolateral preoptic nucleus,1129,IB
691,NTSm,Nucleus of the solitary tract medial part,1065,HB
692,PERI5,Perirhinal area layer 5,315,Isocortex
693,VMH,Ventromedial hypothalamic nucleus,1129,IB
694,AIv2/3,Agranular insular area ventral part layer 2/3,315,Isocortex
696,AUDpo1,Posterior auditory area layer 1,315,Isocortex
698,OLF,Olfactory areas,698,OLF
699,AIv6b,Agranular insular area ventral part layer 6b,315,Isocortex
700,AHNa,Anterior hypothalamic nucleus anterior part,1129,IB
701,VNC,Vestibular nuclei,1065,HB
702,SSp-n5,Primary somatosensory area nose layer 5,315,Isocortex
703,CTXsp,Cortical subplate,703,CTXsp
704,AIv1,Agranular insular area ventral part layer 1,315,Isocortex
706,OP,Olivary pretectal nucleus,313,MB
707,ILA1,Infralimbic area layer 1,315,Isocortex
708,AHNc,Anterior hypothalamic nucleus central part,1129,IB
709,VP,Ventral posterior complex of the thalamus,1129,IB
711,CU,Cuneate nucleus,1065,HB
712,ENTm4,Entorhinal area medial part dorsal zone layer 4,822,RHP
714,ORB,Orbital area,315,Isocortex
715,ENTl2a,Entorhinal area lateral part layer 2a,822,RHP
716,AHNd,Anterior hypothalamic nucleus dorsal part,1129,IB
718,VPL,Ventral posterolateral nucleus of the thalamus,1129,IB
719,SSp6b,Primary somatosensory area layer 6b,315,Isocortex
720,DCN,Dorsal column nuclei,1065,HB
721,VISp4,Primary visual area layer 4,315,Isocortex
723,ORBl,Orbital area lateral part,315,Isocortex
724,AHNp,Anterior hypothalamic nucleus posterior part,1129,IB
725,VPLpc,Ventral posterolateral nucleus of the thalamus parvicellular part,1129,IB
726,DG,Dentate gyrus,1080,HIP
727,ENTm5,Entorhinal area medial part dorsal zone layer 5,822,RHP
729,TEa6a,Temporal association areas layer 6a,315,Isocortex
731,ORBm,Orbital area medial part,315,Isocortex
732,Mmme,Medial mammillary nucleus median part,1129,IB
733,VPM,Ventral posteromedial nucleus of the thalamus,1129,IB
734,DGcr,Dentate gyrus crest,1080,HIP
735,AUDp1,Primary auditory area layer 1,315,Isocortex
738,ORBv,Orbital area ventral part,315,Isocortex
739,ACA5,Anterior cingulate area layer 5,315,Isocortex
740,MPNc,Medial preoptic nucleus central part,1129,IB
741,VPMpc,Ventral posteromedial nucleus of the thalamus parvicellular part,1129,IB
742,DGcr-mo,Dentate gyrus crest molecular layer,1080,HIP
743,ENTm6,Entorhinal area medial part dorsal zone layer 6,822,RHP
746,ORBvl,Orbital area ventrolateral part,315,Isocortex
747,ILA2,Infralimbic area layer 2,315,Isocortex
748,MPNl,Medial preoptic nucleus lateral part,1129,IB
749,VTA,Ventral tegmental area,313,MB
750,VISpl1,Posterolateral visual area layer 1,315,Isocortex
751,DGcr-po,Dentate gyrus crest polymorph layer,1080,HIP
754,OT,Olfactory tubercle,623,CNU
755,AUDv2/3,Ventral auditory area layer 2/3,315,Isocortex
756,MPNm,Medial preoptic nucleus medial part,1129,IB
757,VTN,Ventral tegmental nucleus,313,MB
758,DGcr-sg,Dentate gyrus crest granule cell layer,1080,HIP
759,AUDpo4,Posterior auditory area layer 4,315,Isocortex
761,VMHa,Ventromedial hypothalamic nucleus anterior part,1129,IB
763,OV,Vascular organ of the lamina terminalis,1129,IB
764,ENTl2b,Entorhinal area lateral part layer 2b,822,RHP
765,x,Nucleus x,1065,HB
766,DGlb,Dentate gyrus lateral blade,1080,HIP
767,MOs5,Secondary motor area layer 5,315,Isocortex
769,VMHc,Ventromedial hypothalamic nucleus central part,1129,IB
771,P,Pons,1065,HB
772,ACAv5,Anterior cingulate area ventral part layer 5,315,Isocortex
773,XII,Hypoglossal nucleus,1065,HB
774,RSPagl5,Retrosplenial area lateral agranular part layer 5,315,Isocortex
775,DGlb-mo,Dentate gyrus lateral blade molecular layer,1080,HIP
777,VMHdm,Ventromedial hypothalamic nucleus dorsomedial part,1129,IB
778,VISp5,Primary visual area layer 5,315,Isocortex
780,PA,Posterior amygdalar nucleus,703,CTXsp
781,y,Nucleus y,1065,HB
782,DGlb-po,Dentate gyrus lateral blade polymorph layer,1080,HIP
783,AId6a,Agranular insular area dorsal part layer 6a,315,Isocortex
785,VMHvl,Ventromedial hypothalamic nucleus ventrolateral part,1129,IB
786,TEa6b,Temporal association areas layer 6b,315,Isocortex
788,PAA,Piriform-amygdalar area,698,OLF
789,z,Nucleus z,1065,HB
790,DGlb-sg,Dentate gyrus lateral blade granule cell layer,1080,HIP
791,AUDpo5,Posterior auditory area layer 5,315,Isocortex
793,SSp1,Primary somatosensory area layer 1,315,Isocortex
795,PAG,Periaqueductal gray,313,MB
796,A13,Dopaminergic A13 group,1129,IB
797,ZI,Zona incerta,1129,IB
799,DGmb,Dentate gyrus medial blade,1080,HIP
800,AIv5,Agranular insular area ventral part layer 5,315,Isocortex
801,VIS1,Visual areas layer 1,315,Isocortex
803,PAL,Pallidum,623,CNU
804,FF,Fields of Forel,1129,IB
805,VISpm1,posteromedial visual area layer 1,315,Isocortex
806,SSs2/3,Supplemental somatosensory area layer 2/3,315,Isocortex
807,DGmb-mo,Dentate gyrus medial blade molecular layer,1080,HIP
809,PALc,Pallidum caudal region,623,CNU
810,ACAv6a,Anterior cingulate area ventral part 6a,315,Isocortex
811,ICc,Inferior colliculus central nucleus,313,MB
814,DP,Dorsal peduncular area,698,OLF
815,DGmb-po,Dentate gyrus medial blade polymorph layer,1080,HIP
816,AUDp4,Primary auditory area layer 4,315,Isocortex
818,PALd,Pallidum dorsal region,623,CNU
819,ACAv6b,Anterior cingulate area ventral part 6b,315,Isocortex
820,ICd,Inferior colliculus dorsal nucleus,313,MB
821,VISp2/3,Primary visual area layer 2/3,315,Isocortex
822,RHP,Retrohippocampal region,822,RHP
823,DGmb-sg,Dentate gyrus medial blade granule cell layer,1080,HIP
826,PALm,Pallidum medial region,623,CNU
827,ILA5,Infralimbic area layer 5,315,Isocortex
828,ICe,Inferior colliculus external nucleus,313,MB
829,SUBd-m,Subiculum dorsal part molecular layer,822,RHP
830,DMH,Dorsomedial nucleus of the hypothalamus,1129,IB
831,AId6b,Agranular insular area dorsal part layer 6b,315,Isocortex
834,SCzo,Superior colliculus zonal layer,313,MB
835,PALv,Pallidum ventral region,623,CNU
836,ECT1,Ectorhinal area/Layer 1,315,Isocortex
837,SUBd-sr,Subiculum dorsal part stratum radiatum,822,RHP
838,SSp-n2/3,Primary somatosensory area nose layer 2/3,315,Isocortex
839,DMX,Dorsal motor nucleus of the vagus nerve,1065,HB
842,SCsg,Superior colliculus superficial gray layer,313,MB
843,PAR,Parasubiculum,822,RHP
844,MOp6a,Primary motor area Layer 6a,315,Isocortex
845,SUBd-sp,Subiculum dorsal part pyramidal layer,822,RHP
846,DN,Dentate nucleus,519,CBN
847,AUDp5,Primary auditory area layer 5,315,Isocortex
849,VISC6b,Visceral area layer 6b,315,Isocortex
851,SCop,Superior colliculus optic layer,313,MB
852,PARN,Parvicellular reticular nucleus,1065,HB
853,SUBv-m,Subiculum ventral part molecular layer,822,RHP
854,SSp-ul2/3,Primary somatosensory area upper limb layer 2/3,315,Isocortex
856,DORpm,Thalamus polymodal association cortex related,1129,IB
857,VISC6a,Visceral area layer 6a,315,Isocortex
859,PAS,Parasolitary nucleus,1065,HB
860,PBlc,Parabrachial nucleus lateral division central lateral part,1065,HB
861,SUBv-sr,Subiculum ventral part stratum radiatum,822,RHP
862,SSs6a,Supplemental somatosensory area layer 6a,315,Isocortex
864,DORsm,Thalamus sensory-motor cortex related,1129,IB
865,SSp4,Primary somatosensory area layer 4,315,Isocortex
867,PB,Parabrachial nucleus,1065,HB
868,PBld,Parabrachial nucleus lateral division dorsal lateral part,1065,HB
869,VISpl4,Posterolateral visual area layer 4,315,Isocortex
870,SUBv-sp,Subiculum ventral part pyramidal layer,822,RHP
872,DR,Dorsal nucleus raphe,313,MB
873,SSs1,Supplemental somatosensory area layer 1,315,Isocortex
874,PBG,Parabigeminal nucleus,313,MB
875,PBle,Parabrachial nucleus lateral division external lateral part,1065,HB
878,SSp-m1,Primary somatosensory area mouth layer 1,315,Isocortex
879,RSPd,Retrosplenial area dorsal part,315,Isocortex
880,DTN,Dorsal tegmental nucleus,1065,HB
881,PBl,Parabrachial nucleus lateral division,1065,HB
882,MOp6b,Primary motor area Layer 6b,315,Isocortex
883,PBls,Parabrachial nucleus lateral division superior lateral part,1065,HB
886,RSPv,Retrosplenial area ventral part,315,Isocortex
887,ECO,Efferent cochlear group,1065,HB
888,PERI2/3,Perirhinal area layer 2/3,315,Isocortex
889,SSp-n6a,Primary somatosensory area nose layer 6a,315,Isocortex
890,PBm,Parabrachial nucleus medial division,1065,HB
891,PBlv,Parabrachial nucleus lateral division ventral lateral part,1065,HB
893,SSs6b,Supplemental somatosensory area layer 6b,315,Isocortex
894,RSPagl,Retrosplenial area lateral agranular part,315,Isocortex
895,ECT,Ectorhinal area,315,Isocortex
897,VISC1,Visceral area layer 1,315,Isocortex
898,PCG,Pontine central gray,1065,HB
899,PBme,Parabrachial nucleus medial division external medial part,1065,HB
902,VISpl5,Posterolateral visual area layer 5,315,Isocortex
903,ECU,External cuneate nucleus,1065,HB
904,MSC,Medial septal complex,623,CNU
905,VISal2/3,Anterolateral visual area layer 2/3,315,Isocortex
906,RSPagl6a,Retrosplenial area lateral agranular part layer 6a,315,Isocortex
907,PCN,Paracentral nucleus,1129,IB
909,ENT,Entorhinal area,822,RHP
910,ORBm6a,Orbital area medial part layer 6a,315,Isocortex
912,LING,Lingula (I),528,CBX
913,VIS4,Visual areas layer 4,315,Isocortex
914,PD,Posterodorsal preoptic nucleus,1129,IB
915,PBmm,Parabrachial nucleus medial division medial medial part,1065,HB
918,ENTl,Entorhinal area lateral part,822,RHP
919,ACAd6a,Anterior cingulate area dorsal part layer 6a,315,Isocortex
920,CENT,Central lobule,528,CBX
921,SSp5,Primary somatosensory area layer 5,315,Isocortex
922,PERI,Perirhinal area,315,Isocortex
923,PBmv,Parabrachial nucleus medial division ventral medial part,1065,HB
926,ENTm,Entorhinal area medial part dorsal zone,822,RHP
927,ACAd6b,Anterior cingulate area dorsal part layer 6b,315,Isocortex
928,CUL,Culmen,528,CBX
929,SSp-n6b,Primary somatosensory area nose layer 6b,315,Isocortex
930,PF,Parafascicular nucleus,1129,IB
931,PG,Pontine gray,1065,HB
934,ENTmv,Entorhinal area medial part ventral zone,822,RHP
935,ACAd1,Anterior cingulate area dorsal part layer 1,315,Isocortex
936,DEC,Declive (VI),528,CBX
937,VIS5,Visual areas layer 5,315,Isocortex
938,PGRN,Paragigantocellular reticular nucleus,1065,HB
939,AMBd,Nucleus ambiguus dorsal division,1065,HB
942,EP,Endopiriform nucleus,703,CTXsp
943,MOp2/3,Primary motor area Layer 2/3,315,Isocortex
944,FOTU,Folium-tuber vermis (VII),528,CBX
945,SSp-ul6a,Primary somatosensory area upper limb layer 6a,315,Isocortex
946,PH,Posterior hypothalamic nucleus,1129,IB
947,MO6b,Somatomotor areas Layer 6b,315,Isocortex
950,SSp-m4,Primary somatosensory area mouth layer 4,315,Isocortex
951,PYR,Pyramus (VIII),528,CBX
952,EPd,Endopiriform nucleus dorsal part,703,CTXsp
953,PIN,Pineal body,1129,IB
954,AUDp6a,Primary auditory area layer 6a,315,Isocortex
955,LRNm,Lateral reticular nucleus magnocellular part,1065,HB
957,UVU,Uvula (IX),528,CBX
958,EPI,Epithalamus,1129,IB
959,AUDv1,Ventral auditory area layer 1,315,Isocortex
961,PIR,Piriform area,698,OLF
962,MOs2/3,Secondary motor area layer 2/3,315,Isocortex
963,LRNp,Lateral reticular nucleus parvicellular part,1065,HB
965,RSPagl2/3,Retrosplenial area lateral agranular part layer 2/3,315,Isocortex
966,EPv,Endopiriform nucleus ventral part,703,CTXsp
968,NOD,Nodulus (X),528,CBX
969,ORBvl1,Orbital area ventrolateral part layer 1,315,Isocortex
970,PGRNd,Paragigantocellular reticular nucleus dorsal part,1065,HB
972,PL,Prelimbic area,315,Isocortex
973,VISl2/3,Lateral visual area layer 2/3,315,Isocortex
974,SSp-m5,Primary somatosensory area mouth layer 5,315,Isocortex
975,EW,Edinger-Westphal nucleus,313,MB
976,CENT2,Lobule II,528,CBX
977,ECT6a,Ectorhinal area/Layer 6a,315,Isocortex
978,PGRNl,Paragigantocellular reticular nucleus lateral part,1065,HB
980,PMd,Dorsal premammillary nucleus,1129,IB
981,SSp-bfd1,Primary somatosensory area barrel field layer 1,315,Isocortex
982,FC,Fasciola cinerea,1080,HIP
984,CENT3,Lobule III,528,CBX
985,MOp,Primary motor area,315,Isocortex
987,P-mot,Pons motor related,1065,HB
988,ECT5,Ectorhinal area/Layer 5,315,Isocortex
989,FN,Fastigial nucleus,519,CBN
990,AUDv4,Ventral auditory area layer 4,315,Isocortex
992,CUL4,Lobule IV,528,CBX
993,MOs,Secondary motor area,315,Isocortex
995,PMR,Paramedian reticular nucleus,1065,HB
996,AId1,Agranular insular area dorsal part layer 1,315,Isocortex
998,FS,Fundus of striatum,623,CNU
999,ENTl2/3,Entorhinal area lateral part layer 2/3,822,RHP
1001,CUL5,Lobule V,528,CBX
1002,AUDp,Primary auditory area,315,Isocortex
1004,PMv,Ventral premammillary nucleus,1129,IB
1005,AUDp6b,Primary auditory area layer 6b,315,Isocortex
1006,SSp-tr1,Primary somatosensory area trunk layer 1,315,Isocortex
1007,SIM,Simple lobule,528,CBX
1008,GENd,Geniculate group dorsal thalamus,1129,IB
1010,VISC4,Visceral area layer 4,315,Isocortex
1011,AUDd,Dorsal auditory area,315,Isocortex
1014,GENv,Geniculate group ventral thalamus,1129,IB
1015,ACAd5,Anterior cingulate area dorsal part layer 5,315,Isocortex
1017,AN,Ansiform lobule,528,CBX
1018,AUDv,Ventral auditory area,315,Isocortex
1020,PO,Posterior complex of the thalamus,1129,IB
1021,MOs6a,Secondary motor area layer 6a,315,Isocortex
1022,GPe,Globus pallidus external segment,623,CNU
1023,AUDv5,Ventral auditory area layer 5,315,Isocortex
1025,PRM,Paramedian lobule,528,CBX
1026,SSp-ul6b,Primary somatosensory area upper limb layer 6b,315,Isocortex
1027,AUDpo,Posterior auditory area,315,Isocortex
1029,POL,Posterior limiting nucleus of the thalamus,1129,IB
1030,SSp-ll1,Primary somatosensory area lower limb layer 1,315,Isocortex
1031,GPi,Globus pallidus internal segment,623,CNU
1033,COPY,Copula pyramidis,528,CBX
1034,TTd1,Taenia tecta dorsal part layer 1,698,OLF
1035,SSs4,Supplemental somatosensory area layer 4,315,Isocortex
1037,POST,Postsubiculum,822,RHP
1038,SSp-bfd6a,Primary somatosensory area barrel field layer 6a,315,Isocortex
1039,GR,Gracile nucleus,1065,HB
1041,PFL,Paraflocculus,528,CBX
1042,TTd2,Taenia tecta dorsal part layer 2,698,OLF
1044,PP,Peripeduncular nucleus,1129,IB
1045,ECT6b,Ectorhinal area/Layer 6b,315,Isocortex
1046,VISam6a,Anteromedial visual area layer 6a,315,Isocortex
1047,SSp-bfd4,Primary somatosensory area barrel field layer 4,315,Isocortex
1048,GRN,Gigantocellular reticular nucleus,1065,HB
1049,FL,Flocculus,528,CBX
1050,TTd3,Taenia tecta dorsal part layer 3,698,OLF
1052,PPN,Pedunculopontine nucleus,313,MB
1053,ACA2/3,Anterior cingulate area layer 2/3,315,Isocortex
1054,ILA6a,Infralimbic area layer 6a,315,Isocortex
1056,ANcr1,Crus 1,528,CBX
1057,GU,Gustatory areas,315,Isocortex
1058,VISC5,Visceral area layer 5,315,Isocortex
1059,TTd4,Taenia tecta dorsal part layer 4,698,OLF
1061,PPT,Posterior pretectal nucleus,313,MB
1062,SSp-bfd6b,Primary somatosensory area barrel field layer 6b,315,Isocortex
1064,ANcr2,Crus 2,528,CBX
1065,HB,Hindbrain,1065,HB
1066,VISam2/3,Anteromedial visual area layer 2/3,315,Isocortex
1067,TTv1,Taenia tecta ventral part layer 1,698,OLF
1069,PPY,Parapyramidal nucleus,1065,HB
1070,SSp-bfd5,Primary somatosensory area barrel field layer 5,315,Isocortex
1072,MGd,Medial geniculate complex dorsal part,1129,IB
1073,HEM,Hemispheric regions,528,CBX
1074,VISal1,Anterolateral visual area layer 1,315,Isocortex
1075,TTv2,Taenia tecta ventral part layer 2,698,OLF
1077,PR,Perireunensis nucleus,1129,IB
1079,MGv,Medial geniculate complex ventral part,1129,IB
1080,HIP,Hippocampal region,1080,HIP
1081,ILA6b,Infralimbic area layer 6b,315,Isocortex
1082,TTv3,Taenia tecta ventral part layer 3,698,OLF
1084,PRE,Presubiculum,822,RHP
1085,MOs6b,Secondary motor area layer 6b,315,Isocortex
1086,SSp-tr4,Primary somatosensory area trunk layer 4,315,Isocortex
1088,MGm,Medial geniculate complex medial part,1129,IB
1090,SSs5,Supplemental somatosensory area layer 5,315,Isocortex
1091,CUL4 5,Lobules IV-V,528,CBX
1093,PRNc,Pontine reticular nucleus caudal part,1065,HB
1094,SSp-ll4,Primary somatosensory area lower limb layer 4,315,Isocortex
1096,AMd,Anteromedial nucleus dorsal part,1129,IB
1097,HY,Hypothalamus,1129,IB
1098,MDRNd,Medullary reticular nucleus dorsal part,1065,HB
1100,PRT,Pretectal region,313,MB
1101,AId5,Agranular insular area dorsal part layer 5,315,Isocortex
1102,SSp-m6a,Primary somatosensory area mouth layer 6a,315,Isocortex
1104,AMv,Anteromedial nucleus ventral part,1129,IB
1105,IA,Intercalated amygdalar nucleus,623,CNU
1106,VISC2/3,Visceral area layer 2/3,315,Isocortex
1107,MDRNv,Medullary reticular nucleus ventral part,1065,HB
1109,PS,Parastrial nucleus,1129,IB
1110,SUMl,Supramammillary nucleus lateral part,1129,IB
1111,SSp-tr5,Primary somatosensory area trunk layer 5,315,Isocortex
1113,IAD,Interanterodorsal nucleus of the thalamus,1129,IB
1114,VISal4,Anterolateral visual area layer 4,315,Isocortex
1117,P-sat,Pons behavioral state related,1065,HB
1118,SUMm,Supramammillary nucleus medial part,1129,IB
1120,IAM,Interanteromedial nucleus of the thalamus,1129,IB
1121,ENTl1,Entorhinal area lateral part layer 1,822,RHP
1124,PSCH,Suprachiasmatic preoptic nucleus,1129,IB
1125,ORBvl5,Orbital area ventrolateral part layer 5,315,Isocortex
1126,TMd,Tuberomammillary nucleus dorsal part,1129,IB
1127,TEa2/3,Temporal association areas layer 2/3,315,Isocortex
1128,SSp-ll5,Primary somatosensory area lower limb layer 5,315,Isocortex
1129,IB,Interbrain,1129,IB
1132,P-sen,Pons sensory related,1065,HB
1133,ENTmv5/6,Entorhinal area medial part ventral zone layer 5/6,822,RHP
1139,NLOT3,Nucleus of the lateral olfactory tract layer 3,698,OLF
1140,TR1,Postpiriform transition area layers 1,698,OLF
1141,TR2,Postpiriform transition area layers 2,698,OLF
1142,TR3,Postpiriform transition area layers 3,698,OLF
1143,CBXgr,Cerebellar cortex granular layer,528,CBX
1144,CBXmo,Cerebellar cortex molecular layer,528,CBX
1145,CBXpu,Cerebellar cortex Purkinje layer,528,CBX
10671,ME,Median eminence,1129,IB
10672,SIMgr,Simple lobule granular layer,528,CBX
10673,SIMpu,Simple lobule Purkinje layer,528,CBX
10674,SIMmo,Simple lobule molecular layer,528,CBX
10675,ANcr1gr,Crus 1 granular layer,528,CBX
10676,ANcr1pu,Crus 1 Purkinje layer,528,CBX
10677,ANcr1mo,Crus 1 molecular layer,528,CBX
10678,ANcr2gr,Crus 2 granular layer,528,CBX
10679,ANcr2pu,Crus 2 Purkinje layer,528,CBX
10680,ANcr2mo,Crus 2 molecular layer,528,CBX
10681,PRMgr,Paramedian lobule granular layer,528,CBX
10682,PRMpu,Paramedian lobule Purkinje layer,528,CBX
10683,PRMmo,Paramedian lobule molecular layer,528,CBX
10684,COPYgr,Copula pyramidis granular layer,528,CBX
10685,COPYpu,Copula pyramidis Purkinje layer,528,CBX
10686,COPYmo,Copula pyramidis molecular layer,528,CBX
10687,PFLgr,Paraflocculus granular layer,528,CBX
10688,PFLpu,Paraflocculus Purkinje layer,528,CBX
10689,PFLmo,Paraflocculus molecular layer,528,CBX
10690,FLgr,Flocculus granular layer,528,CBX
10691,FLpu,Flocculus Purkinje layer,528,CBX
10692,FLmo,Flocculus molecular layer,528,CBX
10693,PAR1,Parasubiculum layer 1,822,RHP
10694,PAR2,Parasubiculum layer 2,822,RHP
10695,PAR3,Parasubiculum layer 3,822,RHP
10696,POST1,Postsubiculum layer 1,822,RHP
10697,POST2,Postsubiculum layer 2,822,RHP
10698,POST3,Postsubiculum layer 3,822,RHP
10699,PRE1,Presubiculum layer 1,822,RHP
10700,PRE2,Presubiculum layer 2,822,RHP
10701,PRE3,Presubiculum layer 3,822,RHP
10702,DG-sgz,Dentate gyrus subgranular zone,1080,HIP
10703,DG-mo,Dentate gyrus molecular layer,1080,HIP
10704,DG-po,Dentate gyrus polymorph layer,1080,HIP
10705,LINGgr,Lingula (I) granular layer,528,CBX
10706,LINGpu,Lingula (I) Purkinje layer,528,CBX
10707,LINGmo,Lingula (I) molecular layer,528,CBX
10708,CENT2gr,Lobule II granular layer,528,CBX
10709,CENT2pu,Lobule II Purkinje layer,528,CBX
10710,CENT2mo,Lobule II molecular layer,528,CBX
10711,CENT3gr,Lobule III granular layer,528,CBX
10712,CENT3pu,Lobule III Purkinje layer,528,CBX
10713,CENT3mo,Lobule III molecular layer,528,CBX
10714,CUL4gr,Lobule IV granular layer,528,CBX
10715,CUL4pu,Lobule IV Purkinje layer,528,CBX
10716,CUL4mo,Lobule IV molecular layer,528,CBX
10717,CUL5gr,Lobule V granular layer,528,CBX
10718,CUL5pu,Lobule V Purkinje layer,528,CBX
10719,CUL5mo,Lobule V molecular layer,528,CBX
10720,CUL4 5gr,Lobules IV-V granular layer,528,CBX
10721,CUL4 5pu,Lobules IV-V Purkinje layer,528,CBX
10722,CUL4 5mo,Lobules IV-V molecular layer,528,CBX
10723,DECgr,Declive (VI) granular layer,528,CBX
10724,DECpu,Declive (VI) Purkinje layer,528,CBX
10725,DECmo,Declive (VI) molecular layer,528,CBX
10726,FOTUgr,Folium-tuber vermis (VII) granular layer,528,CBX
10727,FOTUpu,Folium-tuber vermis (VII) Purkinje layer,528,CBX
10728,FOTUmo,Folium-tuber vermis (VII) molecular layer,528,CBX
10729,PYRgr,Pyramus (VIII) granular layer,528,CBX
10730,PYRpu,Pyramus (VIII) Purkinje layer,528,CBX
10731,PYRmo,Pyramus (VIII) molecular layer,528,CBX
10732,UVUgr,Uvula (IX) granular layer,528,CBX
10733,UVUpu,Uvula (IX) Purkinje layer,528,CBX
10734,UVUmo,Uvula (IX) molecular layer,528,CBX
10735,NODgr,Nodulus (X) granular layer,528,CBX
10736,NODpu,Nodulus (X) Purkinje layer,528,CBX
10737,NODmo,Nodulus (X) molecular layer,528,CBX
12993,SS1,Somatosensory areas layer 1,315,Isocortex
12994,SS2/3,Somatosensory areas layer 2/3,315,Isocortex
12995,SS4,Somatosensory areas layer 4,315,Isocortex
12996,SS5,Somatosensory areas layer 5,315,Isocortex
12997,SS6a,Somatosensory areas layer 6a,315,Isocortex
12998,SS6b,Somatosensory areas layer 6b,315,Isocortex
182305689,SSp-un,Primary somatosensory area unassigned,315,Isocortex
182305693,SSp-un1,Primary somatosensory area unassigned layer 1,315,Isocortex
182305697,SSp-un2/3,Primary somatosensory area unassigned layer 2/3,315,Isocortex
182305701,SSp-un4,Primary somatosensory area unassigned layer 4,315,Isocortex
182305705,SSp-un5,Primary somatosensory area unassigned layer 5,315,Isocortex
182305709,SSp-un6a,Primary somatosensory area unassigned layer 6a,315,Isocortex
182305713,SSp-un6b,Primary somatosensory area unassigned layer 6b,315,Isocortex
312782546,VISa,Anterior area,315,Isocortex
312782550,VISa1,Anterior area layer 1,315,Isocortex
312782554,VISa2/3,Anterior area layer 2/3,315,Isocortex
312782558,VISa4,Anterior area layer 4,315,Isocortex
312782562,VISa5,Anterior area layer 5,315,Isocortex
312782566,VISa6a,Anterior area layer 6a,315,Isocortex
312782570,VISa6b,Anterior area layer 6b,315,Isocortex
312782574,VISli,Laterointermediate area,315,Isocortex
312782578,VISli1,Laterointermediate area layer 1,315,Isocortex
312782582,VISli2/3,Laterointermediate area layer 2/3,315,Isocortex
312782586,VISli4,Laterointermediate area layer 4,315,Isocortex
312782590,VISli5,Laterointermediate area layer 5,315,Isocortex
312782594,VISli6a,Laterointermediate area layer 6a,315,Isocortex
312782598,VISli6b,Laterointermediate area layer 6b,315,Isocortex
312782604,VISrl1,Rostrolateral area layer 1,315,Isocortex
312782608,VISrl2/3,Rostrolateral area layer 2/3,315,Isocortex
312782612,VISrl4,Rostrolateral area layer 4,315,Isocortex
312782616,VISrl5,Rostrolateral area layer 5,315,Isocortex
312782620,VISrl6a,Rostrolateral area layer 6a,315,Isocortex
312782624,VISrl6b,Rostrolateral area layer 6b,315,Isocortex
312782628,VISpor,Postrhinal area,315,Isocortex
312782632,VISpor1,Postrhinal area layer 1,315,Isocortex
312782636,VISpor2/3,Postrhinal area layer 2/3,315,Isocortex
312782640,VISpor4,Postrhinal area layer 4,315,Isocortex
312782644,VISpor5,Postrhinal area layer 5,315,Isocortex
312782648,VISpor6a,Postrhinal area layer 6a,315,Isocortex
312782652,VISpor6b,Postrhinal area layer 6b,315,Isocortex
480149202,VISrll,Rostrolateral lateral visual area,315,Isocortex
480149206,VISrll1,Rostrolateral lateral visual area layer 1,315,Isocortex
480149210,VISrll2/3,Rostrolateral lateral visual area layer 2/3,315,Isocortex
480149214,VISrll4,Rostrolateral lateral visual area layer 4,315,Isocortex
480149218,VISrll5,Rostrolateral lateral visual arealayer 5,315,Isocortex
480149222,VISrll6a,Rostrolateral lateral visual area layer 6a,315,Isocortex
480149226,VISrll6b,Rostrolateral lateral visual area layer 6b,315,Isocortex
480149230,VISlla,Laterolateral anterior visual area,315,Isocortex
480149234,VISlla1,Laterolateral anterior visual area layer 1,315,Isocortex
480149238,VISlla2/3,Laterolateral anterior visual area layer 2/3,315,Isocortex
480149242,VISlla4,Laterolateral anterior visual area layer 4,315,Isocortex
480149246,VISlla5,Laterolateral anterior visual arealayer 5,315,Isocortex
480149250,VISlla6a,Laterolateral anterior visual area layer 6a,315,Isocortex
480149254,VISlla6b,Laterolateral anterior visual area layer 6b,315,Isocortex
480149258,VISmma,Mediomedial anterior visual area,315,Isocortex
480149262,VISmma1,Mediomedial anterior visual area layer 1,315,Isocortex
480149266,VISmma2/3,Mediomedial anterior visual area layer 2/3,315,Isocortex
480149270,VISmma4,Mediomedial anterior visual area layer 4,315,Isocortex
480149274,VISmma5,Mediomedial anterior visual arealayer 5,315,Isocortex
480149278,VISmma6a,Mediomedial anterior visual area layer 6a,315,Isocortex
480149282,VISmma6b,Mediomedial anterior visual area layer 6b,315,Isocortex
480149286,VISmmp,Mediomedial posterior visual area,315,Isocortex
480149290,VISmmp1,Mediomedial posterior visual area layer 1,315,Isocortex
480149294,VISmmp2/3,Mediomedial posterior visual area layer 2/3,315,Isocortex
480149298,VISmmp4,Mediomedial posterior visual area layer 4,315,Isocortex
480149302,VISmmp5,Mediomedial posterior visual arealayer 5,315,Isocortex
480149306,VISmmp6a,Mediomedial posterior visual area layer 6a,315,Isocortex
480149310,VISmmp6b,Mediomedial posterior visual area layer 6b,315,Isocortex
480149314,VISm,Medial visual area,315,Isocortex
480149318,VISm1,Medial visual area layer 1,315,Isocortex
480149322,VISm2/3,Medial visual area layer 2/3,315,Isocortex
480149326,VISm4,Medial visual area layer 4,315,Isocortex
480149330,VISm5,Medial visual arealayer 5,315,Isocortex
480149334,VISm6a,Medial visual area layer 6a,315,Isocortex
480149338,VISm6b,Medial visual area layer 6b,315,Isocortex
484682470,ProS,Prosubiculum,822,RHP
484682475,ProSd,Prosubiculum dorsal part,822,RHP
484682479,ProSd-m,Prosubiculum dorsal part molecular layer,822,RHP
484682483,ProSd-sp,Prosubiculum dorsal part pyramidal layer,822,RHP
484682487,ProSd-sr,Prosubiculum dorsal part stratum radiatum,822,RHP
484682492,ProSv,Prosubiculum ventral part,822,RHP
484682496,ProSv-m,Prosubiculum ventral part molecular layer,822,RHP
484682500,ProSv-sp,Prosubiculum ventral part pyramidal layer,822,RHP
484682504,Prosv-sr,Prosubiculum ventral part stratum radiatum,822,RHP
484682508,APr,Area prostriata,822,RHP
496345664,LGd-sh,Dorsal part of the lateral geniculate complex shell,1129,IB
496345668,LGd-co,Dorsal part of the lateral geniculate complex core,1129,IB
496345672,LGd-ip,Dorsal part of the lateral geniculate complex ipsilateral zone,1129,IB
526157192,FRP5,Frontal pole layer 5,315,Isocortex
526157196,FRP6a,Frontal pole layer 6a,315,Isocortex
526322264,FRP6b,Frontal pole layer 6b,315,Isocortex
527696977,ORBm6b,Orbital area medial part layer 6b,315,Isocortex
549009199,LSS,Lateral strip of striatum,623,CNU
549009203,RPF,Retroparafascicular nucleus,313,MB
549009207,InCo,Intercollicular nucleus,313,MB
549009211,MA3,Medial accesory oculomotor nucleus,313,MB
549009215,P5,Peritrigeminal zone,1065,HB
549009219,Acs5,Accessory trigeminal nucleus,1065,HB
549009223,PC5,Parvicellular motor 5 nucleus,1065,HB
549009227,I5,Intertrigeminal nucleus,1065,HB
560581551,Eth,Ethmoid nucleus of the thalamus,1129,IB
560581555,REth,Retroethmoid nucleus,1129,IB
560581559,Xi,Xiphoid thalamic nucleus,1129,IB
560581563,PIL,Posterior intralaminar thalamic nucleus,1129,IB
563807435,PoT,Posterior triangular thalamic nucleus,1129,IB
563807439,IntG,Intermediate geniculate nucleus,1129,IB
576073699,VMPO,Ventromedial preoptic nucleus,1129,IB
576073704,PeF,Perifornical nucleus,1129,IB
589508447,HATA,Hippocampo-amygdalar transition area,822,RHP
589508451,Pa5,Paratrigeminal nucleus,1065,HB
589508455,VeCB,Vestibulocerebellar nucleus,519,CBN
599626923,SCO,Subcommissural organ,313,MB
599626927,PDTg,Posterodorsal tegmental nucleus,1065,HB
606826647,Mml,Medial mammillary nucleus lateral part,1129,IB
606826651,Mmm,Medial mammillary nucleus medial part,1129,IB
606826655,Mmp,Medial mammillary nucleus posterior part,1129,IB
606826659,Mmd,Medial mammillary nucleus dorsal part,1129,IB
606826663,Pa4,Paratrochlear nucleus,313,MB
607344830,PN,Paranigral nucleus,313,MB
607344834,IPR,Interpeduncular nucleus rostral,313,MB
607344838,IPC,Interpeduncular nucleus caudal,313,MB
607344842,IPA,Interpeduncular nucleus apical,313,MB
607344846,IPL,Interpeduncular nucleus lateral,313,MB
607344850,IPI,Interpeduncular nucleus intermediate,313,MB
607344854,IPDM,Interpeduncular nucleus dorsomedial,313,MB
607344858,IPDL,Interpeduncular nucleus dorsolateral,313,MB
607344862,IPRL,Interpeduncular nucleus rostrolateral,313,MB
614454277,Su3,Supraoculomotor periaqueductal gray,313,MB
